Path	Replication	ModificationTime	AccessTime	PreferredBlockSize	BlocksCount	FileSize	NSQUOTA	DSQUOTA	Permission	UserName	GroupName
/	0	2022-09-02 17:33	1970-01-01 08:00	0	0	0	9223372036854775807	-1	drwxr-xr-x	root	supergroup
/flink	0	2022-07-06 15:00	1970-01-01 08:00	0	0	0	-1	-1	drwxr-xr-x	root	supergroup
/flink/flink-connector-kafka-1.15.0.jar	1	2022-07-06 14:57	2022-07-06 14:57	134217728	1	392799	0	0	-rw-r--r--	root	supergroup
/flink/monitor-processor-metrics-meta-1.6.2-all.jar	1	2022-07-06 15:00	2022-07-06 15:00	134217728	1	9920531	0	0	-rw-r--r--	root	supergroup
/tmp	0	2022-07-26 14:46	1970-01-01 08:00	0	0	0	-1	-1	drwx-wx-wx	root	supergroup
/tmp/hive	0	2022-07-22 17:44	1970-01-01 08:00	0	0	0	-1	-1	drwx-wx-wx	root	supergroup
/tmp/hive/root	0	2022-07-26 14:44	1970-01-01 08:00	0	0	0	-1	-1	drwx------	root	supergroup
/tmp/hive/_resultscache_	0	2022-07-26 14:44	1970-01-01 08:00	0	0	0	-1	-1	drwx-wx-wx	root	supergroup
/tmp/hive/root/9f127bee-5c43-4f15-860b-df86a9594cbe	0	2022-07-22 17:29	1970-01-01 08:00	0	0	0	-1	-1	drwx------	root	supergroup
/tmp/hive/root/9f127bee-5c43-4f15-860b-df86a9594cbe/_tmp_space.db	0	2022-07-22 17:29	1970-01-01 08:00	0	0	0	-1	-1	drwx------	root	supergroup
/tmp/hive/_resultscache_/results-e5d2e5fb-08c6-4047-a7fe-2fd61474a1ae	0	2022-07-22 17:29	1970-01-01 08:00	0	0	0	-1	-1	drwx------	root	supergroup
/tmp/hive/root/aa1ada5d-6571-4d0e-a656-83d75387bd3b	0	2022-07-22 17:29	1970-01-01 08:00	0	0	0	-1	-1	drwx------	root	supergroup
/tmp/hive/root/aa1ada5d-6571-4d0e-a656-83d75387bd3b/_tmp_space.db	0	2022-07-22 17:29	1970-01-01 08:00	0	0	0	-1	-1	drwx------	root	supergroup
/tmp/hive/anonymous	0	2022-07-26 18:36	1970-01-01 08:00	0	0	0	-1	-1	drwx------	anonymous	supergroup
/tmp/hive/root/92d06993-4ed9-46c3-8787-3358ed90b319	0	2022-07-22 17:46	1970-01-01 08:00	0	0	0	-1	-1	drwx------	root	supergroup
/tmp/hive/root/92d06993-4ed9-46c3-8787-3358ed90b319/_tmp_space.db	0	2022-07-22 17:46	1970-01-01 08:00	0	0	0	-1	-1	drwx------	root	supergroup
/tmp/hive/_resultscache_/results-59a46812-7985-4528-ba38-ea06b3583755	0	2022-07-22 17:46	1970-01-01 08:00	0	0	0	-1	-1	drwx------	root	supergroup
/tmp/hive/root/10edfae8-6465-456f-8e93-46428d579cea	0	2022-07-22 17:46	1970-01-01 08:00	0	0	0	-1	-1	drwx------	root	supergroup
/tmp/hive/root/10edfae8-6465-456f-8e93-46428d579cea/_tmp_space.db	0	2022-07-22 17:46	1970-01-01 08:00	0	0	0	-1	-1	drwx------	root	supergroup
/tmp/hive/root/e21b33cb-4c1b-4ff8-ab24-1bad8b4f7a10	0	2022-07-22 17:47	1970-01-01 08:00	0	0	0	-1	-1	drwx------	root	supergroup
/tmp/hive/root/e21b33cb-4c1b-4ff8-ab24-1bad8b4f7a10/_tmp_space.db	0	2022-07-22 17:47	1970-01-01 08:00	0	0	0	-1	-1	drwx------	root	supergroup
/tmp/hive/root/f5ce9869-83fe-413c-906d-d5c039241c4c	0	2022-07-22 17:47	1970-01-01 08:00	0	0	0	-1	-1	drwx------	root	supergroup
/tmp/hive/root/f5ce9869-83fe-413c-906d-d5c039241c4c/_tmp_space.db	0	2022-07-22 17:47	1970-01-01 08:00	0	0	0	-1	-1	drwx------	root	supergroup
/tmp/hive/root/449a0b24-4ec6-456d-bbcc-f4c90cba7268	0	2022-07-22 17:48	1970-01-01 08:00	0	0	0	-1	-1	drwx------	root	supergroup
/tmp/hive/root/449a0b24-4ec6-456d-bbcc-f4c90cba7268/_tmp_space.db	0	2022-07-22 17:48	1970-01-01 08:00	0	0	0	-1	-1	drwx------	root	supergroup
/tmp/hive/root/ec0ba451-c8a5-4e39-96f0-f955647efe0d	0	2022-07-22 17:48	1970-01-01 08:00	0	0	0	-1	-1	drwx------	root	supergroup
/tmp/hive/root/ec0ba451-c8a5-4e39-96f0-f955647efe0d/_tmp_space.db	0	2022-07-22 17:48	1970-01-01 08:00	0	0	0	-1	-1	drwx------	root	supergroup
/tmp/hive/root/10c1921b-849d-4067-aee8-c4b163260233	0	2022-07-22 17:49	1970-01-01 08:00	0	0	0	-1	-1	drwx------	root	supergroup
/tmp/hive/root/10c1921b-849d-4067-aee8-c4b163260233/_tmp_space.db	0	2022-07-22 17:49	1970-01-01 08:00	0	0	0	-1	-1	drwx------	root	supergroup
/tmp/hive/root/d92b8d35-c076-42c9-afa0-8b34b10c8a89	0	2022-07-22 17:49	1970-01-01 08:00	0	0	0	-1	-1	drwx------	root	supergroup
/tmp/hive/root/d92b8d35-c076-42c9-afa0-8b34b10c8a89/_tmp_space.db	0	2022-07-22 17:49	1970-01-01 08:00	0	0	0	-1	-1	drwx------	root	supergroup
/tmp/hive/root/f4dcca5e-462a-4c9d-8e27-b27ddc5c25e5	0	2022-07-22 17:50	1970-01-01 08:00	0	0	0	-1	-1	drwx------	root	supergroup
/tmp/hive/root/f4dcca5e-462a-4c9d-8e27-b27ddc5c25e5/_tmp_space.db	0	2022-07-22 17:50	1970-01-01 08:00	0	0	0	-1	-1	drwx------	root	supergroup
/tmp/hive/root/918405aa-33d3-4d8f-9da0-55e085d18e01	0	2022-07-22 17:50	1970-01-01 08:00	0	0	0	-1	-1	drwx------	root	supergroup
/tmp/hive/root/918405aa-33d3-4d8f-9da0-55e085d18e01/_tmp_space.db	0	2022-07-22 17:50	1970-01-01 08:00	0	0	0	-1	-1	drwx------	root	supergroup
/tmp/hive/root/7b59232a-7c93-49a1-9597-8e93f761ada7	0	2022-07-22 17:51	1970-01-01 08:00	0	0	0	-1	-1	drwx------	root	supergroup
/tmp/hive/root/7b59232a-7c93-49a1-9597-8e93f761ada7/_tmp_space.db	0	2022-07-22 17:51	1970-01-01 08:00	0	0	0	-1	-1	drwx------	root	supergroup
/tmp/hive/root/84c11e86-fece-4e13-a55b-ed0fb53c2ea8	0	2022-07-22 17:51	1970-01-01 08:00	0	0	0	-1	-1	drwx------	root	supergroup
/tmp/hive/root/84c11e86-fece-4e13-a55b-ed0fb53c2ea8/_tmp_space.db	0	2022-07-22 17:51	1970-01-01 08:00	0	0	0	-1	-1	drwx------	root	supergroup
/tmp/hive/root/a1a2a1f6-af16-44ca-8e38-3d4ff16ad785	0	2022-07-22 17:52	1970-01-01 08:00	0	0	0	-1	-1	drwx------	root	supergroup
/tmp/hive/root/a1a2a1f6-af16-44ca-8e38-3d4ff16ad785/_tmp_space.db	0	2022-07-22 17:52	1970-01-01 08:00	0	0	0	-1	-1	drwx------	root	supergroup
/tmp/hive/root/e09daaa5-0b5a-48ca-ac28-ab24f10d06bf	0	2022-07-22 17:52	1970-01-01 08:00	0	0	0	-1	-1	drwx------	root	supergroup
/tmp/hive/root/e09daaa5-0b5a-48ca-ac28-ab24f10d06bf/_tmp_space.db	0	2022-07-22 17:52	1970-01-01 08:00	0	0	0	-1	-1	drwx------	root	supergroup
/tmp/hive/root/6688dbeb-3c57-46e6-8eb7-d026ff475c6e	0	2022-07-22 17:53	1970-01-01 08:00	0	0	0	-1	-1	drwx------	root	supergroup
/tmp/hive/root/6688dbeb-3c57-46e6-8eb7-d026ff475c6e/_tmp_space.db	0	2022-07-22 17:53	1970-01-01 08:00	0	0	0	-1	-1	drwx------	root	supergroup
/tmp/hive/root/bf7836da-6463-4523-82e9-aab0abd57366	0	2022-07-22 17:53	1970-01-01 08:00	0	0	0	-1	-1	drwx------	root	supergroup
/tmp/hive/root/bf7836da-6463-4523-82e9-aab0abd57366/_tmp_space.db	0	2022-07-22 17:53	1970-01-01 08:00	0	0	0	-1	-1	drwx------	root	supergroup
/tmp/hive/root/aabdb3ec-4df4-48fe-a6e6-3442bd4e93c4	0	2022-07-22 17:54	1970-01-01 08:00	0	0	0	-1	-1	drwx------	root	supergroup
/tmp/hive/root/aabdb3ec-4df4-48fe-a6e6-3442bd4e93c4/_tmp_space.db	0	2022-07-22 17:54	1970-01-01 08:00	0	0	0	-1	-1	drwx------	root	supergroup
/tmp/hive/root/cb952fec-673e-440f-a563-318f0ab71447	0	2022-07-22 17:54	1970-01-01 08:00	0	0	0	-1	-1	drwx------	root	supergroup
/tmp/hive/root/cb952fec-673e-440f-a563-318f0ab71447/_tmp_space.db	0	2022-07-22 17:54	1970-01-01 08:00	0	0	0	-1	-1	drwx------	root	supergroup
/tmp/hive/root/482967a3-dbb8-49d9-a469-2018ca97f4fd	0	2022-07-22 17:55	1970-01-01 08:00	0	0	0	-1	-1	drwx------	root	supergroup
/tmp/hive/root/482967a3-dbb8-49d9-a469-2018ca97f4fd/_tmp_space.db	0	2022-07-22 17:55	1970-01-01 08:00	0	0	0	-1	-1	drwx------	root	supergroup
/tmp/hive/root/f95a7038-6514-42a1-8a82-020f7a05a825	0	2022-07-22 17:55	1970-01-01 08:00	0	0	0	-1	-1	drwx------	root	supergroup
/tmp/hive/root/f95a7038-6514-42a1-8a82-020f7a05a825/_tmp_space.db	0	2022-07-22 17:55	1970-01-01 08:00	0	0	0	-1	-1	drwx------	root	supergroup
/tmp/hive/root/917446f7-b115-495a-9009-0744f3e61324	0	2022-07-22 17:56	1970-01-01 08:00	0	0	0	-1	-1	drwx------	root	supergroup
/tmp/hive/root/917446f7-b115-495a-9009-0744f3e61324/_tmp_space.db	0	2022-07-22 17:56	1970-01-01 08:00	0	0	0	-1	-1	drwx------	root	supergroup
/tmp/hive/root/0bb027dc-cbe5-44e5-bd21-c4952c17284b	0	2022-07-22 17:56	1970-01-01 08:00	0	0	0	-1	-1	drwx------	root	supergroup
/tmp/hive/root/0bb027dc-cbe5-44e5-bd21-c4952c17284b/_tmp_space.db	0	2022-07-22 17:56	1970-01-01 08:00	0	0	0	-1	-1	drwx------	root	supergroup
/tmp/hive/root/f7b5407f-2cc4-4050-b386-100ce094d382	0	2022-07-22 17:57	1970-01-01 08:00	0	0	0	-1	-1	drwx------	root	supergroup
/tmp/hive/root/f7b5407f-2cc4-4050-b386-100ce094d382/_tmp_space.db	0	2022-07-22 17:57	1970-01-01 08:00	0	0	0	-1	-1	drwx------	root	supergroup
/tmp/hive/root/6e5fa976-710d-4aef-9985-8fba5eaf6acd	0	2022-07-22 17:57	1970-01-01 08:00	0	0	0	-1	-1	drwx------	root	supergroup
/tmp/hive/root/6e5fa976-710d-4aef-9985-8fba5eaf6acd/_tmp_space.db	0	2022-07-22 17:57	1970-01-01 08:00	0	0	0	-1	-1	drwx------	root	supergroup
/tmp/hive/root/da1d2c58-7690-48d7-8d6c-66ee0c72f2bb	0	2022-07-22 17:59	1970-01-01 08:00	0	0	0	-1	-1	drwx------	root	supergroup
/tmp/hive/root/da1d2c58-7690-48d7-8d6c-66ee0c72f2bb/_tmp_space.db	0	2022-07-22 17:59	1970-01-01 08:00	0	0	0	-1	-1	drwx------	root	supergroup
/tmp/hive/root/505c5642-9cf0-4c7e-ad75-e9cb3bc2ee24	0	2022-07-22 17:59	1970-01-01 08:00	0	0	0	-1	-1	drwx------	root	supergroup
/tmp/hive/root/505c5642-9cf0-4c7e-ad75-e9cb3bc2ee24/_tmp_space.db	0	2022-07-22 17:59	1970-01-01 08:00	0	0	0	-1	-1	drwx------	root	supergroup
/tmp/hive/root/01a16350-bbbf-437d-8f40-d322ba739dac	0	2022-07-22 18:00	1970-01-01 08:00	0	0	0	-1	-1	drwx------	root	supergroup
/tmp/hive/root/01a16350-bbbf-437d-8f40-d322ba739dac/_tmp_space.db	0	2022-07-22 18:00	1970-01-01 08:00	0	0	0	-1	-1	drwx------	root	supergroup
/tmp/hive/root/6f38694b-39fb-4598-abec-62de00a1efd9	0	2022-07-22 18:00	1970-01-01 08:00	0	0	0	-1	-1	drwx------	root	supergroup
/tmp/hive/root/6f38694b-39fb-4598-abec-62de00a1efd9/_tmp_space.db	0	2022-07-22 18:00	1970-01-01 08:00	0	0	0	-1	-1	drwx------	root	supergroup
/tmp/hive/root/24c2ab49-fc02-46a5-afc9-f0fb930d52ef	0	2022-07-22 18:01	1970-01-01 08:00	0	0	0	-1	-1	drwx------	root	supergroup
/tmp/hive/root/24c2ab49-fc02-46a5-afc9-f0fb930d52ef/_tmp_space.db	0	2022-07-22 18:01	1970-01-01 08:00	0	0	0	-1	-1	drwx------	root	supergroup
/tmp/hive/root/25b42890-9039-4aff-954b-9bb7b719ab3c	0	2022-07-22 18:01	1970-01-01 08:00	0	0	0	-1	-1	drwx------	root	supergroup
/tmp/hive/root/25b42890-9039-4aff-954b-9bb7b719ab3c/_tmp_space.db	0	2022-07-22 18:01	1970-01-01 08:00	0	0	0	-1	-1	drwx------	root	supergroup
/tmp/hive/root/8f36701b-4391-47a2-91f2-4eca4e9c29ae	0	2022-07-22 18:02	1970-01-01 08:00	0	0	0	-1	-1	drwx------	root	supergroup
/tmp/hive/root/8f36701b-4391-47a2-91f2-4eca4e9c29ae/_tmp_space.db	0	2022-07-22 18:02	1970-01-01 08:00	0	0	0	-1	-1	drwx------	root	supergroup
/tmp/hive/root/63d35664-b728-4c7e-ae97-94a5f9a5ec24	0	2022-07-22 18:02	1970-01-01 08:00	0	0	0	-1	-1	drwx------	root	supergroup
/tmp/hive/root/63d35664-b728-4c7e-ae97-94a5f9a5ec24/_tmp_space.db	0	2022-07-22 18:02	1970-01-01 08:00	0	0	0	-1	-1	drwx------	root	supergroup
/tmp/hive/root/311d9013-bb99-4a16-a743-b34706b2f997	0	2022-07-22 18:03	1970-01-01 08:00	0	0	0	-1	-1	drwx------	root	supergroup
/tmp/hive/root/311d9013-bb99-4a16-a743-b34706b2f997/_tmp_space.db	0	2022-07-22 18:03	1970-01-01 08:00	0	0	0	-1	-1	drwx------	root	supergroup
/tmp/hive/root/cd8d788d-bc9d-4d0d-b91b-6e913bdd817a	0	2022-07-22 18:03	1970-01-01 08:00	0	0	0	-1	-1	drwx------	root	supergroup
/tmp/hive/root/cd8d788d-bc9d-4d0d-b91b-6e913bdd817a/_tmp_space.db	0	2022-07-22 18:03	1970-01-01 08:00	0	0	0	-1	-1	drwx------	root	supergroup
/tmp/hive/root/95a88a7e-1e8f-41b7-b79f-2ff78c00edcd	0	2022-07-22 18:04	1970-01-01 08:00	0	0	0	-1	-1	drwx------	root	supergroup
/tmp/hive/root/95a88a7e-1e8f-41b7-b79f-2ff78c00edcd/_tmp_space.db	0	2022-07-22 18:04	1970-01-01 08:00	0	0	0	-1	-1	drwx------	root	supergroup
/tmp/hive/root/fec9b95a-ed3e-4bbb-a552-66695ae08c99	0	2022-07-22 18:04	1970-01-01 08:00	0	0	0	-1	-1	drwx------	root	supergroup
/tmp/hive/root/fec9b95a-ed3e-4bbb-a552-66695ae08c99/_tmp_space.db	0	2022-07-22 18:04	1970-01-01 08:00	0	0	0	-1	-1	drwx------	root	supergroup
/tmp/hive/root/f05868c8-409d-4580-81f2-7235430d5f22	0	2022-07-22 18:05	1970-01-01 08:00	0	0	0	-1	-1	drwx------	root	supergroup
/tmp/hive/root/f05868c8-409d-4580-81f2-7235430d5f22/_tmp_space.db	0	2022-07-22 18:05	1970-01-01 08:00	0	0	0	-1	-1	drwx------	root	supergroup
/tmp/hive/root/24da4bf8-c41b-4655-a208-099a72c98955	0	2022-07-22 18:05	1970-01-01 08:00	0	0	0	-1	-1	drwx------	root	supergroup
/tmp/hive/root/24da4bf8-c41b-4655-a208-099a72c98955/_tmp_space.db	0	2022-07-22 18:05	1970-01-01 08:00	0	0	0	-1	-1	drwx------	root	supergroup
/tmp/hive/root/5d991a19-9de5-4b2e-9e81-e60d253658db	0	2022-07-22 18:06	1970-01-01 08:00	0	0	0	-1	-1	drwx------	root	supergroup
/tmp/hive/root/5d991a19-9de5-4b2e-9e81-e60d253658db/_tmp_space.db	0	2022-07-22 18:06	1970-01-01 08:00	0	0	0	-1	-1	drwx------	root	supergroup
/tmp/hive/root/d62a337b-d2a0-4089-8596-4ed8c10dd3a2	0	2022-07-22 18:06	1970-01-01 08:00	0	0	0	-1	-1	drwx------	root	supergroup
/tmp/hive/root/d62a337b-d2a0-4089-8596-4ed8c10dd3a2/_tmp_space.db	0	2022-07-22 18:06	1970-01-01 08:00	0	0	0	-1	-1	drwx------	root	supergroup
/tmp/hive/root/dff0b786-2795-469f-b6ae-661570587251	0	2022-07-22 18:07	1970-01-01 08:00	0	0	0	-1	-1	drwx------	root	supergroup
/tmp/hive/root/dff0b786-2795-469f-b6ae-661570587251/_tmp_space.db	0	2022-07-22 18:07	1970-01-01 08:00	0	0	0	-1	-1	drwx------	root	supergroup
/tmp/hive/root/2c5bbd0f-e9a6-49d2-8122-a1a9b073d8e0	0	2022-07-22 18:07	1970-01-01 08:00	0	0	0	-1	-1	drwx------	root	supergroup
/tmp/hive/root/2c5bbd0f-e9a6-49d2-8122-a1a9b073d8e0/_tmp_space.db	0	2022-07-22 18:07	1970-01-01 08:00	0	0	0	-1	-1	drwx------	root	supergroup
/tmp/hive/root/9faaad81-a049-4c14-bf39-ed7448b052eb	0	2022-07-22 18:08	1970-01-01 08:00	0	0	0	-1	-1	drwx------	root	supergroup
/tmp/hive/root/9faaad81-a049-4c14-bf39-ed7448b052eb/_tmp_space.db	0	2022-07-22 18:08	1970-01-01 08:00	0	0	0	-1	-1	drwx------	root	supergroup
/tmp/hive/root/d25a72d1-5feb-4f0e-88bc-ad3589b68d86	0	2022-07-22 18:08	1970-01-01 08:00	0	0	0	-1	-1	drwx------	root	supergroup
/tmp/hive/root/d25a72d1-5feb-4f0e-88bc-ad3589b68d86/_tmp_space.db	0	2022-07-22 18:08	1970-01-01 08:00	0	0	0	-1	-1	drwx------	root	supergroup
/tmp/hive/root/e3d0a0da-e193-4821-979d-0a52243e93e8	0	2022-07-22 18:09	1970-01-01 08:00	0	0	0	-1	-1	drwx------	root	supergroup
/tmp/hive/root/e3d0a0da-e193-4821-979d-0a52243e93e8/_tmp_space.db	0	2022-07-22 18:09	1970-01-01 08:00	0	0	0	-1	-1	drwx------	root	supergroup
/tmp/hive/root/f280576a-e09f-4a27-a1c0-a062da9a2124	0	2022-07-22 18:09	1970-01-01 08:00	0	0	0	-1	-1	drwx------	root	supergroup
/tmp/hive/root/f280576a-e09f-4a27-a1c0-a062da9a2124/_tmp_space.db	0	2022-07-22 18:09	1970-01-01 08:00	0	0	0	-1	-1	drwx------	root	supergroup
/data	0	2022-07-29 15:04	1970-01-01 08:00	0	0	0	-1	-1	drwxr-xr-x	root	supergroup
/data/order_report.csv	1	2022-07-25 14:12	2022-07-26 15:55	134217728	1	1907495	0	0	-rw-r--r--	root	supergroup
/tmp/hive/anonymous/7af06cc5-0f74-4103-9a71-7d5125c38af9	0	2022-07-25 14:32	1970-01-01 08:00	0	0	0	-1	-1	drwx------	anonymous	supergroup
/tmp/hive/anonymous/7af06cc5-0f74-4103-9a71-7d5125c38af9/_tmp_space.db	0	2022-07-25 14:32	1970-01-01 08:00	0	0	0	-1	-1	drwx------	anonymous	supergroup
/tmp/hive/root/57875b9a-b25d-4843-b7d5-82f7b677a6f0	0	2022-07-25 15:51	1970-01-01 08:00	0	0	0	-1	-1	drwx------	root	supergroup
/tmp/hive/root/57875b9a-b25d-4843-b7d5-82f7b677a6f0/_tmp_space.db	0	2022-07-25 15:51	1970-01-01 08:00	0	0	0	-1	-1	drwx------	root	supergroup
/tmp/hive/_resultscache_/results-f1ce6751-5ef7-41b4-9681-69e5ecc9f4de	0	2022-07-25 15:51	1970-01-01 08:00	0	0	0	-1	-1	drwx------	root	supergroup
/tmp/hive/root/5ab7755b-38f2-4ac0-85f8-3bba141ac786	0	2022-07-25 15:51	1970-01-01 08:00	0	0	0	-1	-1	drwx------	root	supergroup
/tmp/hive/root/5ab7755b-38f2-4ac0-85f8-3bba141ac786/_tmp_space.db	0	2022-07-25 15:51	1970-01-01 08:00	0	0	0	-1	-1	drwx------	root	supergroup
/tmp/hive/root/e640e4e5-74a8-4368-aedc-732dae3668f2	0	2022-07-25 15:56	1970-01-01 08:00	0	0	0	-1	-1	drwx------	root	supergroup
/tmp/hive/root/e640e4e5-74a8-4368-aedc-732dae3668f2/_tmp_space.db	0	2022-07-25 15:56	1970-01-01 08:00	0	0	0	-1	-1	drwx------	root	supergroup
/tmp/hive/_resultscache_/results-b307ad74-e38e-4c9b-bb42-86f3b1128b29	0	2022-07-25 15:56	1970-01-01 08:00	0	0	0	-1	-1	drwx------	root	supergroup
/tmp/hive/root/03c921af-7662-4e92-b449-6f62a78fd205	0	2022-07-25 15:56	1970-01-01 08:00	0	0	0	-1	-1	drwx------	root	supergroup
/tmp/hive/root/03c921af-7662-4e92-b449-6f62a78fd205/_tmp_space.db	0	2022-07-25 15:56	1970-01-01 08:00	0	0	0	-1	-1	drwx------	root	supergroup
/tmp/hive/anonymous/9d825bb8-1991-4726-97a8-24ca486a073a	0	2022-07-25 17:14	1970-01-01 08:00	0	0	0	-1	-1	drwx------	anonymous	supergroup
/tmp/hive/anonymous/9d825bb8-1991-4726-97a8-24ca486a073a/_tmp_space.db	0	2022-07-25 17:14	1970-01-01 08:00	0	0	0	-1	-1	drwx------	anonymous	supergroup
/tmp/hive/root/b21d80ce-0902-4b6c-948f-4616df51d036	0	2022-07-25 17:50	1970-01-01 08:00	0	0	0	-1	-1	drwx------	root	supergroup
/tmp/hive/root/b21d80ce-0902-4b6c-948f-4616df51d036/_tmp_space.db	0	2022-07-25 17:50	1970-01-01 08:00	0	0	0	-1	-1	drwx------	root	supergroup
/tmp/hive/_resultscache_/results-aad54ea3-7c4d-4aff-aaf3-67ddbc0add72	0	2022-07-25 17:50	1970-01-01 08:00	0	0	0	-1	-1	drwx------	root	supergroup
/tmp/hive/root/4a470a42-1cdb-4b6c-93ca-c92d9d9c063a	0	2022-07-25 17:50	1970-01-01 08:00	0	0	0	-1	-1	drwx------	root	supergroup
/tmp/hive/root/4a470a42-1cdb-4b6c-93ca-c92d9d9c063a/_tmp_space.db	0	2022-07-25 17:50	1970-01-01 08:00	0	0	0	-1	-1	drwx------	root	supergroup
/tmp/hive/root/1936c261-da69-4658-b4c7-eb18028db7c1	0	2022-07-26 11:21	1970-01-01 08:00	0	0	0	-1	-1	drwx------	root	supergroup
/tmp/hive/root/1936c261-da69-4658-b4c7-eb18028db7c1/_tmp_space.db	0	2022-07-26 11:21	1970-01-01 08:00	0	0	0	-1	-1	drwx------	root	supergroup
/tmp/hive/root/408daeca-d886-4191-8714-95bb48d775cd	0	2022-07-26 14:44	1970-01-01 08:00	0	0	0	-1	-1	drwx------	root	supergroup
/tmp/hive/root/408daeca-d886-4191-8714-95bb48d775cd/_tmp_space.db	0	2022-07-26 14:44	1970-01-01 08:00	0	0	0	-1	-1	drwx------	root	supergroup
/tmp/hive/_resultscache_/results-31ca4446-33ed-447d-86d1-fc0131769875	0	2022-07-26 14:44	1970-01-01 08:00	0	0	0	-1	-1	drwx------	root	supergroup
/tmp/hive/root/b080332d-c3f0-4cb8-a8e3-87da109fe9fa	0	2022-07-26 14:44	1970-01-01 08:00	0	0	0	-1	-1	drwx------	root	supergroup
/tmp/hive/root/b080332d-c3f0-4cb8-a8e3-87da109fe9fa/_tmp_space.db	0	2022-07-26 14:44	1970-01-01 08:00	0	0	0	-1	-1	drwx------	root	supergroup
/tmp/hadoop-yarn	0	2022-07-26 14:46	1970-01-01 08:00	0	0	0	-1	-1	drwx------	anonymous	supergroup
/tmp/hadoop-yarn/staging	0	2022-07-26 14:46	1970-01-01 08:00	0	0	0	-1	-1	drwx------	anonymous	supergroup
/tmp/hadoop-yarn/staging/anonymous	0	2022-07-26 14:46	1970-01-01 08:00	0	0	0	-1	-1	drwx------	anonymous	supergroup
/tmp/hadoop-yarn/staging/anonymous/.staging	0	2022-07-26 16:27	1970-01-01 08:00	0	0	0	-1	-1	drwx------	anonymous	supergroup
/tmp/hadoop-yarn/staging/history	0	2022-07-26 14:46	1970-01-01 08:00	0	0	0	-1	-1	drwxr-xr-x	anonymous	supergroup
/tmp/hadoop-yarn/staging/history/done_intermediate	0	2022-07-26 14:46	1970-01-01 08:00	0	0	0	-1	-1	drwxrwxrwt	anonymous	supergroup
/tmp/hadoop-yarn/staging/history/done_intermediate/anonymous	0	2022-07-26 16:27	1970-01-01 08:00	0	0	0	-1	-1	drwxrwx---	anonymous	supergroup
/tmp/hadoop-yarn/staging/history/done_intermediate/anonymous/job_1658817867649_0001.summary	1	2022-07-26 14:46	2022-07-26 14:46	134217728	1	383	0	0	-rwxrwx---	anonymous	supergroup
/tmp/hadoop-yarn/staging/history/done_intermediate/anonymous/job_1658817867649_0001-1658817970984-anonymous-insert+into+order_report_inne...order_report+%28St-1658817994119-0-0-FAILED-default-1658817976656.jhist	1	2022-07-26 14:46	2022-07-26 14:46	134217728	1	39707	0	0	-rwxrwx---	anonymous	supergroup
/tmp/hadoop-yarn/staging/history/done_intermediate/anonymous/job_1658817867649_0001_conf.xml	1	2022-07-26 14:46	2022-07-26 14:46	134217728	1	342103	0	0	-rwxrwx---	anonymous	supergroup
/tmp/hadoop-yarn/staging/history/done_intermediate/anonymous/job_1658817867649_0002.summary	1	2022-07-26 14:55	2022-07-26 14:55	134217728	1	398	0	0	-rwxrwx---	anonymous	supergroup
/tmp/hadoop-yarn/staging/history/done_intermediate/anonymous/job_1658817867649_0002-1658818508309-anonymous-insert+into+order_report_inne...order_report+%28St-1658818524406-1-1-SUCCEEDED-default-1658818512428.jhist	1	2022-07-26 14:55	2022-07-26 14:55	134217728	1	40064	0	0	-rwxrwx---	anonymous	supergroup
/tmp/hadoop-yarn/staging/history/done_intermediate/anonymous/job_1658817867649_0002_conf.xml	1	2022-07-26 14:55	2022-07-26 14:55	134217728	1	341039	0	0	-rwxrwx---	anonymous	supergroup
/tmp/hadoop-yarn/staging/history/done_intermediate/anonymous/job_1658821777094_0001.summary	1	2022-07-26 15:53	2022-07-26 15:53	134217728	1	383	0	0	-rwxrwx---	anonymous	supergroup
/tmp/hadoop-yarn/staging/history/done_intermediate/anonymous/job_1658821777094_0001-1658821990382-anonymous-insert+into+order_report_inne...order_report+%28St-1658822013845-0-0-FAILED-default-1658821996314.jhist	1	2022-07-26 15:53	2022-07-26 15:53	134217728	1	39707	0	0	-rwxrwx---	anonymous	supergroup
/tmp/hadoop-yarn/staging/history/done_intermediate/anonymous/job_1658821777094_0001_conf.xml	1	2022-07-26 15:53	2022-07-26 15:53	134217728	1	342103	0	0	-rwxrwx---	anonymous	supergroup
/tmp/hadoop-yarn/staging/history/done_intermediate/anonymous/job_1658821777094_0002.summary	1	2022-07-26 15:55	2022-07-26 15:55	134217728	1	398	0	0	-rwxrwx---	anonymous	supergroup
/tmp/hadoop-yarn/staging/history/done_intermediate/anonymous/job_1658821777094_0002-1658822140064-anonymous-insert+into+order_report_inne...order_report+%28St-1658822156065-1-1-SUCCEEDED-default-1658822143823.jhist	1	2022-07-26 15:55	2022-07-26 15:55	134217728	1	40065	0	0	-rwxrwx---	anonymous	supergroup
/tmp/hadoop-yarn/staging/history/done_intermediate/anonymous/job_1658821777094_0002_conf.xml	1	2022-07-26 15:55	2022-07-26 15:55	134217728	1	341055	0	0	-rwxrwx---	anonymous	supergroup
/tmp/hadoop-yarn/staging/history/done_intermediate/anonymous/job_1658821777094_0003.summary	1	2022-07-26 16:27	2022-07-26 16:27	134217728	1	383	0	0	-rwxrwx---	anonymous	supergroup
/tmp/hadoop-yarn/staging/history/done_intermediate/anonymous/job_1658821777094_0003-1658824010132-anonymous-insert+into+order_report_inne...order_report+%28St-1658824031583-0-0-FAILED-default-1658824013956.jhist	1	2022-07-26 16:27	2022-07-26 16:27	134217728	1	39707	0	0	-rwxrwx---	anonymous	supergroup
/tmp/hadoop-yarn/staging/history/done_intermediate/anonymous/job_1658821777094_0003_conf.xml	1	2022-07-26 16:27	2022-07-26 16:27	134217728	1	342103	0	0	-rwxrwx---	anonymous	supergroup
/data/file	0	2022-07-29 15:04	1970-01-01 08:00	0	0	0	-1	-1	drwxr-xr-x	root	supergroup
/data/file/temp	0	2022-07-29 15:04	1970-01-01 08:00	0	0	0	-1	-1	drwxr-xr-x	root	supergroup
/data/file/temp/part-00003	1	2022-07-29 15:04	2022-07-29 15:04	134217728	1	22	0	0	-rw-r--r--	root	supergroup
/data/file/temp/part-00000	1	2022-07-29 15:04	2022-07-29 15:04	134217728	1	12	0	0	-rw-r--r--	root	supergroup
/data/file/temp/part-00001	1	2022-07-29 15:04	2022-07-29 15:04	134217728	1	12	0	0	-rw-r--r--	root	supergroup
/data/file/temp/part-00002	1	2022-07-29 15:04	2022-07-29 15:04	134217728	1	10	0	0	-rw-r--r--	root	supergroup
/data/file/temp/_SUCCESS	1	2022-07-29 15:04	2022-07-29 15:04	134217728	0	0	0	0	-rw-r--r--	root	supergroup
/csoss	0	2022-08-29 19:06	1970-01-01 08:00	0	0	0	-1	-1	drwxr-xr-x	root	supergroup
/csoss/traces	0	2022-08-29 19:12	1970-01-01 08:00	0	0	0	-1	-1	drwxrwxrwx	zouhuajian	supergroup
/csoss/traces/DEV	0	2022-08-30 09:11	1970-01-01 08:00	0	0	0	-1	-1	drwxr-xr-x	zouhuajian	supergroup
/csoss/traces/DEV/20220829	0	2022-08-29 19:12	1970-01-01 08:00	0	0	0	-1	-1	drwxr-xr-x	zouhuajian	supergroup
/csoss/traces/DEV/20220829/19	0	2022-08-29 19:12	1970-01-01 08:00	0	0	0	-1	-1	drwxr-xr-x	zouhuajian	supergroup
/csoss/traces/DEV/20220829/19/0	0	2022-08-29 19:12	1970-01-01 08:00	0	0	0	-1	-1	drwxr-xr-x	zouhuajian	supergroup
/csoss/traces/DEV/20220829/19/0/0-0	2	2022-08-29 19:32	2022-08-29 19:12	536870912	0	0	0	0	-rw-r--r--	zouhuajian	supergroup
/csoss/traces/DEV/20220830	0	2022-08-30 09:11	1970-01-01 08:00	0	0	0	-1	-1	drwxr-xr-x	zouhuajian	supergroup
/csoss/traces/DEV/20220830/09	0	2022-08-30 09:11	1970-01-01 08:00	0	0	0	-1	-1	drwxr-xr-x	zouhuajian	supergroup
/csoss/traces/DEV/20220830/09/0	0	2022-08-30 09:19	1970-01-01 08:00	0	0	0	-1	-1	drwxr-xr-x	zouhuajian	supergroup
/csoss/traces/DEV/20220830/09/0/0-0	2	2022-08-30 09:38	2022-08-30 09:11	536870912	1	63544320	0	0	-rw-r--r--	zouhuajian	supergroup
/csoss/traces/DEV/20220830/09/0/0-1	2	2022-08-30 09:51	2022-08-30 09:19	536870912	1	160763904	0	0	-rw-r--r--	zouhuajian	supergroup
/hudi	0	2022-09-02 17:33	1970-01-01 08:00	0	0	0	-1	-1	drwxr-xr-x	root	supergroup
/hudi/flink	0	2022-09-02 17:33	1970-01-01 08:00	0	0	0	-1	-1	drwxr-xr-x	root	supergroup
/hudi/flink/.hoodie	0	2022-09-05 11:55	1970-01-01 08:00	0	0	0	-1	-1	drwxr-xr-x	root	supergroup
/hudi/flink/.hoodie/.schema	0	2022-09-02 17:33	1970-01-01 08:00	0	0	0	-1	-1	drwxr-xr-x	root	supergroup
/hudi/flink/.hoodie/archived	0	2022-09-02 17:33	1970-01-01 08:00	0	0	0	-1	-1	drwxr-xr-x	root	supergroup
/hudi/flink/.hoodie/.temp	0	2022-09-05 11:55	1970-01-01 08:00	0	0	0	-1	-1	drwxr-xr-x	root	supergroup
/hudi/flink/.hoodie/.aux	0	2022-09-05 11:55	1970-01-01 08:00	0	0	0	-1	-1	drwxr-xr-x	root	supergroup
/hudi/flink/.hoodie/.aux/.bootstrap	0	2022-09-02 17:33	1970-01-01 08:00	0	0	0	-1	-1	drwxr-xr-x	root	supergroup
/hudi/flink/.hoodie/.aux/.bootstrap/.partitions	0	2022-09-02 17:33	1970-01-01 08:00	0	0	0	-1	-1	drwxr-xr-x	root	supergroup
/hudi/flink/.hoodie/.aux/.bootstrap/.fileids	0	2022-09-02 17:33	1970-01-01 08:00	0	0	0	-1	-1	drwxr-xr-x	root	supergroup
/hudi/flink/.hoodie/hoodie.properties	1	2022-09-02 17:33	2022-09-06 10:46	134217728	1	1022	0	0	-rw-r--r--	root	supergroup
/hudi/flink/.hoodie/20220902173339929.deltacommit.requested	1	2022-09-02 17:33	2022-09-06 11:51	134217728	0	0	0	0	-rw-r--r--	root	supergroup
/hudi/flink/.hoodie/20220902173339929.deltacommit.inflight	1	2022-09-02 17:33	2022-09-02 17:33	134217728	0	0	0	0	-rw-r--r--	root	supergroup
/hudi/flink/par3	0	2022-09-02 17:33	1970-01-01 08:00	0	0	0	-1	-1	drwxr-xr-x	root	supergroup
/hudi/flink/par1	0	2022-09-02 17:33	1970-01-01 08:00	0	0	0	-1	-1	drwxr-xr-x	root	supergroup
/hudi/flink/par1/.hoodie_partition_metadata	1	2022-09-02 17:33	2022-09-06 11:28	134217728	1	96	0	0	-rw-r--r--	root	supergroup
/hudi/flink/par3/.hoodie_partition_metadata	1	2022-09-02 17:33	2022-09-02 17:33	134217728	1	96	0	0	-rw-r--r--	root	supergroup
/hudi/flink/par4	0	2022-09-02 17:33	1970-01-01 08:00	0	0	0	-1	-1	drwxr-xr-x	root	supergroup
/hudi/flink/par4/.hoodie_partition_metadata	1	2022-09-02 17:33	2022-09-05 13:59	134217728	1	96	0	0	-rw-r--r--	root	supergroup
/hudi/flink/par3/.eec88c56-3f94-4d6b-8cca-02aea9aab7ab_20220902173339929.log.1_0-4-0	1	2022-09-02 17:33	2022-09-05 11:41	536870912	1	1061	0	0	-rw-r--r--	root	supergroup
/hudi/flink/par1/.e0355461-5b25-4368-bde1-14bae59014be_20220902173339929.log.1_1-4-0	1	2022-09-05 11:55	2022-09-05 13:47	536870912	1	2951	0	0	-rw-r--r--	root	supergroup
/hudi/flink/par4/.331def5a-7c8b-4740-81d2-072c99aaea8b_20220902173339929.log.1_2-4-0	1	2022-09-02 17:33	2022-09-06 11:51	536870912	1	1057	0	0	-rw-r--r--	root	supergroup
/hudi/flink/par2	0	2022-09-02 17:33	1970-01-01 08:00	0	0	0	-1	-1	drwxr-xr-x	root	supergroup
/hudi/flink/par2/.hoodie_partition_metadata	1	2022-09-02 17:33	2022-09-02 17:33	134217728	1	96	0	0	-rw-r--r--	root	supergroup
/hudi/flink/par2/.99872df6-ba38-4e95-9da7-fbe797af03b2_20220902173339929.log.1_1-4-0	1	2022-09-02 17:33	2022-09-05 11:41	536870912	1	1063	0	0	-rw-r--r--	root	supergroup
/hudi/flink/.hoodie/20220902173339929.deltacommit	1	2022-09-02 17:33	2022-09-05 11:41	134217728	1	9850	0	0	-rw-r--r--	root	supergroup
/hudi/flink/.hoodie/20220902174343913.deltacommit.requested	1	2022-09-02 17:43	2022-09-02 17:43	134217728	0	0	0	0	-rw-r--r--	root	supergroup
/hudi/flink/.hoodie/20220902174343913.deltacommit.inflight	1	2022-09-02 17:43	2022-09-02 17:43	134217728	0	0	0	0	-rw-r--r--	root	supergroup
/hudi/flink/.hoodie/20220902174343913.deltacommit	1	2022-09-02 17:43	2022-09-05 11:19	134217728	1	3187	0	0	-rw-r--r--	root	supergroup
/hudi/flink/.hoodie/.aux/view_storage_conf.properties	1	2022-09-05 11:55	2022-09-06 11:29	134217728	1	845	0	0	-rw-r--r--	root	supergroup
/hudi/flink/.hoodie/.aux/ckp_meta	0	2022-09-05 11:55	1970-01-01 08:00	0	0	0	-1	-1	drwxr-xr-x	root	supergroup
/hudi/flink/.hoodie/20220905115512149.deltacommit.requested	1	2022-09-05 11:55	2022-09-05 11:55	134217728	0	0	0	0	-rw-r--r--	root	supergroup
/hudi/flink/.hoodie/20220905115512149.deltacommit.inflight	1	2022-09-05 11:55	2022-09-05 11:55	134217728	0	0	0	0	-rw-r--r--	root	supergroup
/hudi/flink/.hoodie/.aux/ckp_meta/20220905115512149.INFLIGHT	1	2022-09-05 11:55	2022-09-05 11:55	134217728	0	0	0	0	-rw-r--r--	root	supergroup
/hudi/flink/.hoodie/20220905115512149.deltacommit	1	2022-09-05 11:55	2022-09-05 13:47	134217728	1	3187	0	0	-rw-r--r--	root	supergroup
/hudi/flink/.hoodie/.aux/ckp_meta/20220905115512149.COMPLETED	1	2022-09-05 11:55	2022-09-06 11:29	134217728	0	0	0	0	-rw-r--r--	root	supergroup
